NAME,RUNID,EVENTID,START,EVENTMJD,I3TYPE,RA [deg],DEC [deg],RA_ERR_PLUS_50 [deg],RA_ERR_MINUS_50 [deg],DEC_ERR_PLUS_50 [deg],DEC_ERR_MINUS_50 [deg],RA_ERR_PLUS_90 [deg],RA_ERR_MINUS_90 [deg],DEC_ERR_PLUS_90 [deg],DEC_ERR_MINUS_90 [deg],CONTOUR AREA (50%) [sqdeg],CONTOUR AREA (90%) [sqdeg],ENERGY [TeV],FAR [1/yr],P_ASTRO,OTHER_I3TYPES
IC110514A,118178,17334444,2011-05-14 01:32:22.654,55695.064151089224,gfu-gold,139.09,-1.87,2.02,1.18,0.52,0.35,3.63,2.29,1.0,0.62,2.16,7.44,194,1.15,0.531,gfu-bronze
IC110610A,118309,46569873,2011-06-10 10:13:33.147,55722.42607809128,gfu-gold,273.21,35.41,1.12,1.44,0.91,0.99,2.02,2.61,1.68,1.69,3.07,9.99,317,0.24,0.766,gfu-bronze
IC110616A,118342,24578488,2011-06-16 17:30:53.940,55728.72979097178,gfu-bronze,71.15,5.38,0.27,0.27,0.24,0.29,0.5,0.5,0.46,0.51,0.22,0.76,112,3.99,0.274,
IC110714A,118435,58198553,2011-07-14 02:42:41.855,55756.11298443852,hese-gold,67.98,40.52,0.24,0.26,0.2,0.24,0.35,0.49,0.31,0.38,0.11,0.32,65,0.11,0.778,hese-bronze
IC110726A,118475,52691508,2011-07-26 12:15:33.258,55768.51080159916,gfu-bronze,151.66,6.88,0.67,0.59,0.69,0.55,1.49,1.05,1.1,0.96,1.22,4.0,166,1.66,0.417,
IC110807A,118539,54350726,2011-08-07 23:30:46.456,55780.979704349134,gfu-bronze,336.58,1.49,0.53,0.46,0.26,0.3,1.1,0.78,0.46,0.55,0.41,1.45,111,4.04,0.282,
IC110818A,118576,45696357,2011-08-18 16:31:38.773,55791.68864321097,gfu-bronze,332.4,-2.72,0.33,0.33,0.3,0.41,0.6,0.6,0.62,0.76,0.35,1.27,133,2.53,0.356,
IC110902A,118631,36844560,2011-09-02 02:12:46.331,55806.09220290563,gfu-gold,9.05,7.9,0.4,0.43,0.23,0.23,0.79,0.75,0.4,0.43,0.3,0.99,260,0.67,0.63,gfu-bronze
IC110907A,118660,61529737,2011-09-07 19:04:14.784,55811.79461555,gfu-gold,196.7,9.33,0.32,0.3,0.33,0.3,0.57,0.56,0.59,0.56,0.3,1.0,194,1.06,0.528,gfu-bronze
IC110929A,118738,995844,2011-09-29 06:15:04.218,55833.26046548522,gfu-bronze,121.76,49.9,0.38,0.49,0.18,0.13,0.7,0.84,0.31,0.27,0.13,0.45,164,0.15,0.537,
IC110930A,118741,43101116,2011-09-30 10:40:59.791,55834.44513646853,ehe-gold,267.01,-4.67,0.22,0.26,0.16,0.2,0.48,0.42,0.33,0.35,0.13,0.47,211,1.44,0.147,gfu-bronze
IC111012A,118778,61465314,2011-10-12 20:48:17.617,55846.86687056347,gfu-bronze,172.37,44.94,0.33,0.4,0.25,0.24,0.63,0.7,0.45,0.44,0.2,0.66,123,0.5,0.451,
IC111120A,118973,22324184,2011-11-20 23:03:53.883,55885.96104031756,gfu-bronze,26.15,9.67,0.43,0.43,0.47,0.46,0.78,0.78,0.84,0.84,0.6,2.0,165,1.45,0.441,
IC111208A,119097,49522606,2011-12-08 17:15:15.377,55903.71892797326,gfu-bronze,165.37,40.62,2.0,0.68,0.47,0.5,2.86,1.24,0.9,0.92,1.54,4.76,132,0.3,0.46,
IC111209A,119101,32538906,2011-12-09 10:57:56.298,55904.45690159585,gfu-bronze,100.63,19.83,0.41,0.58,0.44,0.52,0.81,1.03,0.77,0.92,0.69,2.29,111,2.35,0.353,
IC111213A,119125,14422170,2011-12-13 09:32:43.338,55908.39772381761,gfu-bronze,248.03,0.63,0.53,0.74,0.36,0.36,1.09,1.27,0.67,0.68,0.72,2.5,170,1.67,0.433,
IC111216A,119136,66932419,2011-12-16 06:38:39.886,55911.27685053114,gfu-gold,37.05,18.68,0.49,0.6,1.0,1.05,0.88,1.08,1.74,1.85,1.5,4.74,954,0.15,0.95,gfu-bronze
IC111218A,119146,28561103,2011-12-18 08:03:00.974,55913.33542794057,gfu-bronze,26.28,10.09,1.51,1.58,0.79,1.93,2.84,2.67,1.67,2.99,6.33,19.78,163,1.64,0.418,
IC120301A,119739,41603205,2012-03-01 19:21:57.308,55987.80691328732,gfu-gold,238.36,18.64,0.22,0.16,0.19,0.17,0.37,0.3,0.32,0.31,0.1,0.3,455,0.53,0.836,"gfu-bronze, ehe-gold"
IC120426A,120027,12133428,2012-04-26 09:58:04.228,56043.41532671855,gfu-bronze,183.69,0.63,0.3,0.26,0.29,0.25,1.15,0.54,0.55,0.51,0.24,1.0,113,3.92,0.291,
IC120501A,120045,22615214,2012-05-01 13:41:24.365,56048.5704208966,hese-bronze,163.88,-70.91,0.86,0.89,0.56,0.51,1.87,1.59,1.06,0.92,0.47,1.72,85,1.88,0.464,
IC120515A,120157,59255331,2012-05-15 23:00:59.271,56062.95901934374,gfu-gold,197.18,31.65,1.25,1.2,0.49,0.45,2.19,2.29,0.89,0.81,1.49,4.92,202,0.58,0.634,gfu-bronze
IC120523A,120185,63879322,2012-05-23 13:46:58.000,56070.5742824046,ehe-gold,170.82,26.11,0.28,0.29,0.27,0.17,0.49,0.56,0.5,0.33,0.17,0.59,211,1.44,0.525,gfu-bronze
IC120523B,120186,1306178,2012-05-23 15:19:39.523,56070.63865189075,gfu-gold,343.61,15.64,0.4,0.38,0.28,0.31,0.76,0.7,0.53,0.56,0.35,1.19,174,1.15,0.512,gfu-bronze
IC120529A,120205,73761892,2012-05-29 13:01:50.622,56076.54294700876,gfu-bronze,177.71,23.44,0.4,0.37,0.29,0.25,0.73,0.7,0.53,0.49,0.3,1.05,136,1.42,0.436,
IC120601A,120244,21476686,2012-06-01 07:20:01.380,56079.30557152734,gfu-bronze,119.4,14.79,0.31,0.27,0.31,0.27,0.54,0.73,0.52,0.69,0.26,1.01,148,1.7,0.418,
IC120605A,120260,65493286,2012-06-05 15:42:33.896,56083.65455898678,gfu-bronze,152.27,36.61,0.35,0.33,0.29,0.32,0.63,0.62,0.55,0.57,0.26,0.87,110,1.18,0.402,
IC120807A,120535,24248640,2012-08-07 04:58:18.470,56146.20715821304,gfu-gold,330.6,1.49,0.2,0.33,0.24,0.22,0.41,0.54,0.44,0.41,0.19,0.64,395,0.35,0.762,gfu-bronze
IC120916A,120680,12284754,2012-09-16 07:19:39.340,56186.3053164403,gfu-gold,182.37,3.25,0.42,0.46,0.65,0.62,0.88,0.8,1.13,1.3,0.84,3.05,180,1.46,0.463,gfu-bronze
IC120922A,120708,53550535,2012-09-22 13:11:02.308,56192.54933227013,ehe-gold,70.8,20.42,0.3,0.23,0.25,0.24,0.51,0.45,0.44,0.43,0.19,0.62,150,1.8,0.426,
IC121011A,120798,20915945,2012-10-11 18:30:10.362,56211.77095326866,gfu-gold,205.71,-2.09,0.23,0.18,0.17,0.16,0.47,0.36,0.31,0.33,0.1,0.41,508,0.2,0.856,"gfu-bronze, ehe-gold"
IC121026A,120860,64513030,2012-10-26 14:23:17.473,56226.59950779381,gfu-gold,170.07,27.24,0.49,0.52,0.56,0.44,0.89,0.91,0.98,0.81,0.69,2.21,1025,0.15,0.93,gfu-bronze
IC121103A,120884,64276946,2012-11-03 12:10:50.791,56234.50753229828,gfu-bronze,123.4,5.94,0.26,0.24,0.24,0.29,0.47,0.45,0.45,0.5,0.21,0.69,115,3.63,0.294,
IC121115A,120935,29325450,2012-11-15 07:55:43.251,56246.3303616992,gfu-bronze,225.62,8.95,0.26,0.27,0.29,0.3,0.47,0.49,0.52,0.53,0.24,0.78,125,2.59,0.336,
IC130125A,121761,41853263,2013-01-25 06:22:37.543,56317.26571230239,gfu-bronze,4.7,73.77,1.3,1.48,0.54,0.56,2.49,2.55,0.99,0.97,0.66,2.14,172,0.24,0.547,
IC130125B,121762,56963417,2013-01-25 15:48:58.166,56317.65900654516,gfu-bronze,279.8,-1.94,0.31,0.33,0.31,0.29,0.96,0.56,0.52,0.5,0.3,1.13,120,3.19,0.326,
IC130127A,121769,40349510,2013-01-27 06:43:11.019,56319.27998864782,gfu-gold,354.07,-1.94,0.27,0.28,0.43,0.39,0.51,0.49,0.75,0.76,0.34,1.15,250,0.57,0.631,gfu-bronze
IC130316A,122055,5809789,2013-03-16 17:39:49.757,56367.7359925578,gfu-bronze,303.24,54.1,0.54,0.51,0.26,0.3,0.95,0.96,0.49,0.52,0.27,0.88,108,0.62,0.393,
IC130318A,122060,56194427,2013-03-18 06:49:44.064,56369.284537772786,gfu-bronze,13.67,20.5,0.27,0.32,0.28,0.32,0.52,0.56,0.53,0.56,0.26,0.86,109,2.44,0.345,
IC130408A,122152,30701331,2013-04-08 04:31:50.098,56390.18877428146,hese-gold,167.7,20.62,0.65,0.62,0.3,0.37,1.14,1.11,0.57,0.69,0.61,2.11,65,0.73,0.525,hese-bronze
IC130408B,122154,6905361,2013-04-08 18:12:01.814,56390.75835433359,gfu-bronze,5.98,4.22,0.52,0.53,0.69,0.63,0.97,0.95,1.24,1.17,1.07,3.61,169,1.7,0.419,
IC130409A,122160,52726834,2013-04-09 23:34:38.728,56391.98239268221,gfu-bronze,162.82,30.26,0.52,0.49,0.56,0.56,0.98,0.93,1.11,1.11,0.77,2.8,121,1.35,0.429,
IC130508A,122316,49995489,2013-05-08 15:23:19.459,56420.64119743768,gfu-bronze,338.29,25.9,0.31,0.31,0.27,0.29,0.57,0.56,0.5,0.52,0.24,0.81,151,1.05,0.471,
IC130509A,122318,21601607,2013-05-09 04:27:35.819,56421.185831232695,gfu-bronze,317.33,1.94,0.32,0.33,0.35,0.35,0.59,0.61,0.65,0.65,0.36,1.21,108,4.45,0.264,
IC130519A,122361,46565711,2013-05-19 11:35:18.570,56431.482853815374,gfu-bronze,45.31,23.56,1.3,1.18,0.6,0.65,2.28,2.2,0.97,1.29,2.02,6.59,113,1.95,0.383,
IC130531A,122469,31925079,2013-05-31 13:21:58.316,56443.55692494961,gfu-bronze,164.79,6.17,0.26,0.26,0.29,0.31,0.48,0.49,0.53,0.56,0.25,0.82,154,2.36,0.371,
IC130627A,122604,17469985,2013-06-27 02:38:57.792,56470.11039111138,gfu-gold,92.99,17.07,0.37,0.42,0.52,0.51,0.67,0.74,1.0,0.93,0.6,2.04,911,0.19,0.945,"hese-bronze, gfu-bronze, hese-gold"
IC130627B,122605,60656774,2013-06-27 10:13:17.888,56470.42590147932,gfu-bronze,153.5,3.81,0.41,0.35,0.37,0.39,0.72,0.69,0.68,0.71,0.45,1.52,132,3.23,0.327,
IC130711A,122663,58987459,2013-07-11 12:42:57.620,56484.5298335607,gfu-bronze,78.09,-2.31,0.27,0.24,0.31,0.28,0.5,0.46,0.55,0.53,0.24,0.81,171,1.55,0.451,
IC130731A,122768,38570780,2013-07-31 01:44:12.780,56504.07237014141,gfu-bronze,123.4,6.77,0.46,0.49,0.56,0.55,0.86,0.89,1.03,1.02,0.82,2.79,132,2.87,0.336,
IC130801A,122772,38615684,2013-08-01 06:09:01.590,56505.25626840586,gfu-bronze,216.12,8.2,0.36,0.38,0.34,0.34,0.7,0.81,0.64,0.64,0.39,1.45,113,3.2,0.298,
IC130804A,122793,12516001,2013-08-04 19:33:03.083,56508.81461902112,gfu-bronze,128.98,12.79,0.25,0.25,0.26,0.24,0.48,0.47,0.47,0.46,0.19,0.67,118,2.16,0.346,
IC130808A,122818,16944987,2013-08-08 08:09:00.253,56512.33958626503,gfu-bronze,26.32,9.29,0.4,0.33,0.37,0.3,0.71,0.65,0.68,0.51,0.38,1.25,114,2.86,0.312,
IC130822A,122895,69011827,2013-08-22 09:48:20.017,56526.408565007056,gfu-bronze,91.36,0.52,0.26,0.24,0.26,0.26,0.46,0.45,0.47,0.47,0.21,0.68,122,3.36,0.318,
IC131014A,123107,8144529,2013-10-14 21:49:15.813,56579.909210802456,gfu-gold,32.78,10.47,0.19,0.18,0.19,0.27,0.41,0.35,0.38,0.49,0.13,0.5,315,0.64,0.686,gfu-bronze
IC131023A,123145,34573112,2013-10-23 13:24:14.912,56588.55850592728,ehe-gold,301.73,11.83,0.28,0.33,0.3,0.3,0.53,0.58,0.56,0.51,0.25,0.84,211,1.68,0.59,gfu-bronze
IC131108A,123228,40504010,2013-11-08 13:15:45.649,56604.552611673294,gfu-bronze,342.7,42.41,0.49,0.44,0.45,0.28,0.91,0.81,0.79,0.51,0.37,1.25,159,0.18,0.523,
IC131112A,123240,49730417,2013-11-12 00:44:59.433,56608.03124344143,gfu-bronze,128.8,-17.82,0.27,0.19,0.13,0.13,0.48,0.39,0.25,0.25,0.09,0.32,7525,0.19,0.272,
IC131124A,123281,52248792,2013-11-24 03:28:52.708,56620.14505449561,gfu-gold,285.91,19.75,0.47,0.45,0.43,0.51,0.89,0.85,0.85,0.98,0.64,2.28,187,0.87,0.575,gfu-bronze
IC131204A,123334,75182550,2013-12-04 11:16:54.260,56630.47007245,ehe-gold,288.63,-13.67,0.3,0.35,0.35,0.37,0.58,0.61,0.65,0.67,0.35,1.18,299,1.03,0.196,
IC140101A,123620,47444787,2014-01-01 09:41:33.819,56658.40386364448,gfu-gold,192.66,-2.5,0.67,0.8,0.41,0.44,1.1,1.71,0.8,0.7,0.92,3.14,212,0.81,0.583,gfu-bronze
IC140103A,123662,27529428,2014-01-03 21:15:30.083,56660.88576485459,gfu-bronze,38.02,73.45,2.49,2.86,1.52,1.21,4.96,5.56,3.04,2.02,3.16,11.26,135,0.38,0.44,
IC140108A,123751,34239163,2014-01-08 07:23:22.303,56665.307897028004,ehe-gold,345.1,1.64,0.34,0.39,0.23,0.25,0.6,0.62,0.4,0.42,0.25,0.74,211,1.42,0.693,gfu-bronze
IC140109A,123762,72626160,2014-01-09 12:04:18.008,56666.50298620128,gfu-gold,292.63,33.24,0.33,0.28,0.24,0.27,0.57,0.52,0.51,0.53,0.2,0.71,1118,0.15,0.948,"gfu-bronze, ehe-gold"
IC140114A,123867,11659459,2014-01-14 21:04:09.510,56671.87788784308,hese-bronze,337.46,0.6,0.34,0.3,0.49,0.43,0.61,0.6,0.74,0.67,0.39,1.36,54,0.97,0.335,
IC140122A,123986,63557286,2014-01-22 03:32:21.706,56679.14747345406,gfu-bronze,139.39,37.59,0.42,0.46,0.33,0.33,0.79,0.82,0.61,0.61,0.36,1.22,141,0.31,0.478,
IC140122B,123986,77999595,2014-01-22 04:54:27.058,56679.20447983344,hese-gold,220.86,-86.02,2.62,2.42,0.2,0.2,5.03,4.87,0.38,0.39,0.11,0.41,374,0.15,0.821,hese-bronze
IC140203A,124136,15174527,2014-02-03 18:50:35.537,56691.78513352538,ehe-gold,349.1,-15.37,0.59,0.54,0.52,0.46,1.07,0.99,0.92,0.84,0.81,2.66,841,0.52,0.126,
IC140213A,124221,76481548,2014-02-13 19:25:05.052,56701.809086249086,gfu-bronze,203.07,13.79,0.4,0.33,0.35,0.35,0.71,0.66,0.65,0.67,0.38,1.35,150,1.65,0.416,
IC140223A,124296,49827757,2014-02-23 22:05:00.412,56711.92014365716,gfu-bronze,123.84,32.31,0.95,0.83,0.43,0.4,1.76,1.6,0.78,0.75,0.95,3.29,128,1.15,0.447,
IC140307A,124340,19400842,2014-03-07 22:04:49.326,56723.92001535036,gfu-bronze,308.76,38.63,0.87,0.88,0.45,0.57,1.57,1.61,0.82,1.15,1.03,3.62,112,1.06,0.413,
IC140324A,124463,35466777,2014-03-24 02:08:34.336,56740.089286290866,gfu-bronze,225.91,50.97,0.6,0.65,0.48,0.44,1.14,1.16,0.85,0.83,0.56,1.89,112,0.69,0.422,
IC140410A,124547,66087371,2014-04-10 02:22:12.573,56757.098756628155,gfu-gold,28.57,84.74,21.98,25.93,1.72,1.75,40.23,46.12,2.93,3.41,11.33,39.52,263,0.16,0.634,gfu-bronze
IC140411A,124569,22040903,2014-04-11 13:36:08.554,56758.56676566884,gfu-bronze,146.07,16.76,0.42,0.4,0.42,0.47,0.77,0.74,0.82,0.82,0.54,1.85,162,1.36,0.478,
IC140420A,124643,5182926,2014-04-20 20:37:28.283,56767.859355125394,gfu-bronze,9.05,18.17,0.66,0.59,0.48,0.47,1.18,1.11,0.87,0.88,0.87,2.95,169,1.2,0.512,
IC140503A,124693,33063779,2014-05-03 22:58:06.199,56780.957016190616,gfu-bronze,161.22,45.19,0.81,0.83,0.93,0.91,1.52,1.52,1.74,1.66,1.66,5.7,112,0.63,0.421,
IC140603A,124829,42577032,2014-06-03 03:25:09.110,56811.14246654727,gfu-bronze,9.76,7.44,0.28,0.25,0.3,0.25,0.5,0.47,0.51,0.46,0.22,0.72,158,1.91,0.397,
IC140609A,124852,74171655,2014-06-09 15:16:24.430,56817.636393860164,gfu-gold,105.25,1.27,1.11,0.79,0.33,0.29,2.14,1.44,0.58,0.52,0.9,3.09,483,0.27,0.83,gfu-bronze
IC140611A,124861,32863663,2014-06-11 04:54:24.353,56819.20444852863,gfu-gold,110.39,11.15,0.19,0.22,0.09,0.14,0.37,0.44,0.2,0.24,0.07,0.26,6420,0.15,0.997,"gfu-bronze, ehe-gold"
IC140704A,124994,15096469,2014-07-04 07:08:47.794,56842.29777539684,gfu-bronze,157.8,54.92,1.11,1.2,0.86,0.87,2.05,2.15,1.58,1.58,1.79,5.93,158,0.27,0.52,
IC140705A,125001,73159253,2014-07-05 16:02:55.080,56843.668693053594,gfu-gold,26.76,2.31,0.69,0.66,0.4,0.41,1.14,1.39,0.84,0.78,0.84,3.01,225,0.79,0.583,gfu-bronze
IC140707A,125011,43302321,2014-07-07 11:59:43.249,56845.499806125845,gfu-bronze,242.18,14.63,0.34,0.31,0.3,0.36,0.62,0.59,0.58,0.63,0.32,1.11,173,1.19,0.5,
IC140713A,125046,64570437,2014-07-13 13:21:28.377,56851.55657843665,gfu-bronze,1.05,15.6,0.26,0.31,0.3,0.27,0.49,0.57,0.53,0.5,0.24,0.81,144,1.78,0.415,
IC140721A,125071,31397276,2014-07-21 18:12:43.206,56859.7588334034,hese-gold,98.79,-31.61,1.54,1.59,1.34,1.62,2.61,2.91,2.39,3.04,5.97,19.94,157,0.56,0.565,hese-bronze
IC140820A,125205,19617837,2014-08-20 09:04:23.256,56889.378046941,gfu-bronze,272.15,1.42,0.32,0.27,0.3,0.3,0.56,0.51,0.53,0.54,0.28,0.9,112,4.02,0.284,
IC140923A,125338,65606123,2014-09-23 17:18:23.255,56923.72110248644,gfu-gold,169.41,-1.72,0.26,0.32,0.24,0.28,0.54,0.55,0.45,0.51,0.23,0.79,176,1.54,0.464,"gfu-bronze, ehe-gold"
IC140927A,125349,12316485,2014-09-27 03:51:37.115,56927.16084624148,gfu-gold,50.71,-0.63,1.07,1.11,0.4,0.37,1.85,1.97,0.72,0.69,1.28,4.22,189,1.3,0.506,gfu-bronze
IC141012A,125422,26630854,2014-10-12 18:01:14.945,56942.75086742418,gfu-gold,65.87,4.48,1.36,1.21,0.84,0.71,2.34,2.31,1.48,1.19,3.0,9.66,180,1.48,0.461,gfu-bronze
IC141110A,125544,54236696,2014-11-10 07:07:19.873,56971.296757794335,gfu-bronze,253.87,6.43,0.3,0.32,0.22,0.22,0.53,0.57,0.42,0.42,0.21,0.71,117,3.4,0.304,
IC141114A,125558,19184163,2014-11-14 06:09:53.744,56975.25687203509,gfu-bronze,221.57,27.32,0.39,0.37,0.33,0.32,0.71,0.68,0.59,0.58,0.34,1.13,114,1.71,0.399,
IC141208A,125693,21174828,2014-12-08 16:02:29.697,56999.66839927126,gfu-bronze,246.84,17.27,0.27,0.28,0.3,0.25,0.51,0.52,0.52,0.47,0.23,0.76,113,2.38,0.35,
IC141210A,125709,6405911,2014-12-10 20:20:47.528,57001.84777231211,gfu-bronze,318.21,1.57,0.27,0.34,0.27,0.28,0.53,0.62,0.5,0.5,0.26,0.9,160,2.06,0.392,
IC141221A,125757,12938244,2014-12-21 09:50:45.605,57012.41025006228,gfu-bronze,179.38,-2.05,0.23,0.29,0.28,0.28,0.46,0.51,0.52,0.51,0.23,0.78,144,2.43,0.369,
IC150102A,125796,16042897,2015-01-02 19:06:36.877,57024.79626014654,gfu-bronze,318.34,3.1,0.24,0.3,0.26,0.26,0.47,0.54,0.48,0.48,0.22,0.76,135,3.07,0.335,
IC150104A,125800,83097666,2015-01-04 09:34:31.074,57026.398970767375,gfu-bronze,271.32,29.27,0.72,0.49,0.66,0.69,1.28,0.88,1.14,1.17,1.06,3.33,143,1.07,0.468,
IC150118A,125929,11025256,2015-01-18 12:13:36.885,57040.5094546912,gfu-bronze,151.83,4.03,0.35,0.43,0.27,0.24,0.6,0.72,0.49,0.45,0.31,0.99,162,1.92,0.393,
IC150119A,125934,55750717,2015-01-19 08:50:58.364,57041.368731063834,gfu-bronze,287.05,6.47,0.28,0.24,0.24,0.28,0.5,0.46,0.46,0.49,0.21,0.7,150,2.42,0.367,
IC150120A,125940,7449833,2015-01-20 23:37:54.918,57042.98466339843,gfu-bronze,96.11,14.25,0.23,0.28,0.26,0.25,0.44,0.51,0.47,0.45,0.19,0.67,118,2.18,0.354,
IC150127A,125968,61389842,2015-01-27 11:33:00.141,57049.48125162859,gfu-gold,100.42,4.41,0.47,0.48,0.3,0.34,0.89,0.89,0.57,0.61,0.47,1.6,316,0.43,0.682,gfu-bronze
IC150129A,125973,80686964,2015-01-29 05:27:30.696,57051.22743860722,gfu-bronze,356.79,8.54,1.64,0.92,0.7,1.0,2.64,1.76,1.33,1.73,3.28,10.51,141,2.58,0.355,
IC150224A,126082,40384770,2015-02-24 23:59:26.635,57077.999613835775,gfu-bronze,236.95,55.06,0.8,0.78,0.82,0.74,1.44,1.48,1.53,1.36,1.11,3.82,109,0.55,0.395,
IC150313A,126148,74589372,2015-03-13 07:41:37.870,57094.32057719976,gfu-bronze,127.18,-3.55,0.4,0.45,0.51,0.5,0.73,0.82,0.86,0.91,0.68,2.15,110,3.43,0.307,
IC150428A,126308,20883844,2015-04-28 14:10:43.746,57140.59078409722,gfu-bronze,29.84,15.56,0.42,0.35,0.34,0.34,0.72,0.66,0.63,0.62,0.38,1.27,113,2.39,0.34,
IC150515A,126370,61611641,2015-05-15 22:35:50.906,57157.94156141448,gfu-gold,92.15,12.79,0.23,0.27,0.31,0.27,0.41,0.45,0.56,0.52,0.22,0.71,423,0.5,0.786,gfu-bronze
IC150526A,126405,50771014,2015-05-26 00:24:27.043,57168.016979663094,gfu-bronze,138.91,-1.87,0.42,0.34,0.29,0.28,0.96,0.59,0.49,0.48,0.33,1.13,112,3.81,0.298,
IC150601A,126423,50123696,2015-06-01 00:26:11.856,57174.01819277732,gfu-bronze,333.54,9.48,0.25,0.31,0.3,0.29,0.49,0.55,0.55,0.54,0.26,0.86,109,3.19,0.286,
IC150609A,126456,1581608,2015-06-09 00:38:11.483,57182.026521792766,gfu-bronze,50.1,-0.11,0.29,0.51,0.49,0.28,0.52,0.83,0.83,0.45,0.38,1.3,127,3.14,0.329,
IC150609B,126456,35956042,2015-06-09 04:19:25.308,57182.18015402858,gfu-bronze,245.61,0.3,0.24,0.28,0.3,0.27,0.51,0.5,0.56,0.52,0.23,0.84,124,3.29,0.322,
IC150625A,126514,73786337,2015-06-25 15:21:31.300,57198.63994560632,gfu-bronze,72.95,0.78,0.38,0.4,0.35,0.33,0.68,0.75,0.62,0.61,0.41,1.37,115,3.66,0.303,
IC150625B,126515,20091930,2015-06-25 17:33:30.831,57198.73160683759,gfu-bronze,306.96,18.6,0.54,0.76,0.39,0.38,0.97,1.16,0.74,0.75,0.73,2.28,160,1.4,0.481,
IC150714A,126620,19175993,2015-07-14 21:49:59.497,57217.909716401584,gfu-gold,325.59,26.36,0.42,0.53,0.5,0.48,0.8,0.89,0.87,0.89,0.6,1.97,461,0.42,0.849,gfu-bronze
IC150812A,126717,29833358,2015-08-12 07:37:34.479,57246.31776017207,gfu-bronze,318.74,31.65,0.52,0.52,0.32,0.3,0.98,0.94,0.58,0.57,0.43,1.47,135,1.07,0.457,
IC150812B,126718,53509959,2015-08-12 18:13:05.355,57246.75908975384,gfu-gold,328.8,5.94,0.31,0.26,0.28,0.24,0.53,0.52,0.55,0.44,0.23,0.77,541,0.3,0.844,"gfu-bronze, ehe-gold"
IC150823A,126769,62990844,2015-08-23 14:56:32.405,57257.622597279114,gfu-bronze,325.55,-2.2,0.32,0.28,0.3,0.28,0.58,0.54,0.54,0.52,0.27,0.93,143,2.4,0.369,
IC150831A,126798,67205547,2015-08-31 05:13:39.253,57265.21781542625,gfu-gold,54.45,33.69,0.23,0.24,0.32,0.29,0.43,0.42,0.58,0.56,0.18,0.63,187,0.55,0.596,"gfu-bronze, ehe-gold"
IC150904A,126812,38566267,2015-09-04 18:13:54.695,57269.759660818156,gfu-gold,133.55,27.45,0.42,0.31,0.22,0.34,0.73,0.63,0.51,0.58,0.27,0.97,326,0.48,0.763,gfu-bronze
IC150914A,126848,8902133,2015-09-14 20:59:54.298,57279.87493400848,gfu-bronze,130.3,30.52,0.32,0.3,0.31,0.3,0.59,0.56,0.57,0.56,0.26,0.87,129,1.18,0.445,
IC150918A,126860,17477746,2015-09-18 13:05:49.607,57283.545713041065,gfu-bronze,48.78,-3.02,0.29,0.31,0.29,0.27,0.55,0.57,0.52,0.5,0.26,0.89,108,3.72,0.295,
IC150919A,126863,14025085,2015-09-19 04:56:09.443,57284.20566484769,gfu-gold,280.5,30.35,0.48,0.56,0.43,0.43,0.89,0.98,0.78,0.79,0.6,1.98,243,0.49,0.692,gfu-bronze
IC150923A,126878,30560694,2015-09-23 00:38:34.724,57288.0267907843,ehe-gold,103.49,3.51,0.28,0.28,0.24,0.23,0.49,0.49,0.41,0.4,0.2,0.61,211,1.51,0.334,gfu-bronze
IC150926A,126911,6416344,2015-09-26 21:37:42.835,57291.90119021698,ehe-gold,193.93,-4.48,0.5,0.44,0.45,0.47,0.86,0.77,0.84,0.8,0.65,2.09,211,1.49,0.296,gfu-bronze
IC151013A,126976,9961785,2015-10-13 02:59:09.282,57308.12441298802,gfu-bronze,179.73,51.79,0.71,0.76,0.53,0.59,1.35,1.32,0.95,1.03,0.76,2.47,162,0.19,0.532,
IC151017A,126989,59479399,2015-10-17 16:13:03.035,57312.67572957463,gfu-gold,197.75,19.75,0.78,0.74,0.75,0.65,1.42,1.32,1.39,1.13,1.51,4.99,343,0.65,0.772,gfu-bronze
IC151114A,127112,69211097,2015-11-14 20:57:49.022,57340.87348405651,gfu-gold,75.32,12.44,0.44,0.42,0.54,0.61,0.77,0.83,0.95,1.19,0.74,2.55,1189,0.27,0.96,gfu-bronze
IC151122A,127154,9907321,2015-11-22 12:45:31.068,57348.531609580496,gfu-gold,261.83,-2.2,0.26,0.24,0.19,0.19,0.44,0.44,0.35,0.35,0.15,0.49,272,0.46,0.659,"gfu-bronze, ehe-gold"
IC160104A,127357,17650073,2016-01-04 10:39:08.062,57391.44384330693,gfu-gold,78.79,5.6,0.38,0.39,0.44,0.55,0.64,0.81,0.76,0.9,0.61,1.85,231,0.77,0.59,gfu-bronze
IC160128A,127495,54505431,2016-01-28 04:24:10.788,57415.18345819237,ehe-gold,263.1,-15.48,0.31,0.33,0.35,0.29,0.57,0.59,0.62,0.56,0.31,1.03,596,0.57,0.146,
IC160225A,127603,48070937,2016-02-25 21:07:46.048,57443.880394074724,gfu-gold,311.34,60.48,0.82,0.88,0.44,0.44,1.46,1.54,0.77,0.76,0.52,1.63,195,0.15,0.61,gfu-bronze
IC160307A,127650,18431575,2016-03-07 16:43:11.248,57454.69665795971,gfu-bronze,92.86,10.66,0.4,0.4,0.32,0.31,0.79,0.75,0.58,0.58,0.38,1.35,109,2.82,0.297,
IC160331A,127742,55820225,2016-03-31 13:33:50.815,57478.56517147233,gfu-gold,151.17,15.75,0.26,0.22,0.26,0.33,0.48,0.45,0.48,0.56,0.21,0.71,522,0.43,0.866,gfu-bronze
IC160410A,127790,45902607,2016-04-10 17:37:41.041,57488.734502790605,gfu-bronze,235.2,-4.14,0.26,0.27,0.27,0.26,0.49,0.5,0.48,0.48,0.22,0.74,141,2.06,0.385,
IC160427A,127853,67093193,2016-04-27 05:52:32.241,57505.24481760429,hese-bronze,240.34,9.22,0.13,0.17,0.12,0.14,0.26,0.33,0.24,0.29,0.06,0.23,85,0.23,0.451,
IC160510A,127910,25056152,2016-05-10 15:56:05.518,57518.66395275027,ehe-gold,353.01,2.39,0.4,0.37,0.36,0.34,0.7,0.64,0.65,0.62,0.41,1.31,211,1.4,0.393,gfu-bronze
IC160612A,128034,69069846,2016-06-12 10:25:22.907,57551.43429290814,gfu-bronze,18.02,4.07,0.31,0.34,0.45,0.51,0.59,0.62,0.84,0.92,0.48,1.66,110,4.21,0.264,
IC160614A,128065,17929326,2016-06-14 12:37:43.354,57553.526196221355,gfu-bronze,214.76,39.74,0.5,0.46,0.5,0.5,0.9,0.86,0.9,0.93,0.56,1.89,115,0.77,0.429,
IC160615A,128067,65335330,2016-06-15 09:42:12.380,57554.40430995815,gfu-bronze,303.75,12.9,0.28,0.26,0.27,0.32,0.51,0.49,0.51,0.56,0.24,0.81,157,1.51,0.432,
IC160707A,128209,54386016,2016-07-07 04:01:52.756,57576.1679717178,gfu-bronze,351.56,0.93,0.28,0.25,0.26,0.3,0.5,0.47,0.48,0.51,0.23,0.75,114,3.81,0.295,
IC160720A,128253,44251618,2016-07-20 21:55:28.812,57589.913527920304,gfu-bronze,64.56,27.45,0.55,2.38,0.51,0.56,0.92,2.91,0.84,0.93,1.52,4.76,112,1.86,0.386,
IC160727A,128278,49218472,2016-07-27 08:15:33.435,57596.34413697475,gfu-bronze,112.76,14.82,0.3,0.35,0.27,0.3,0.55,0.62,0.49,0.52,0.28,0.9,108,2.66,0.314,
IC160731A,128290,6888376,2016-07-31 01:55:03.535,57600.07990202622,ehe-gold,214.8,-0.78,0.18,0.2,0.2,0.23,0.36,0.38,0.39,0.41,0.12,0.45,150,1.76,0.635,"hese-bronze, gfu-bronze"
IC160731B,128292,15195696,2016-07-31 18:50:13.555,57600.78487911152,gfu-bronze,312.98,20.3,0.31,0.35,0.42,0.42,0.59,0.63,0.77,0.78,0.4,1.37,127,1.93,0.404,
IC160806A,128311,26552458,2016-08-06 12:21:32.803,57606.51496299994,gfu-gold,122.39,-0.67,0.39,0.18,0.26,0.17,0.57,0.37,0.46,0.32,0.18,0.57,233,0.69,0.601,"gfu-bronze, ehe-gold"
IC160812A,128334,9739548,2016-08-12 16:25:10.853,57612.68415338799,gfu-bronze,87.0,48.68,2.04,1.91,1.36,1.43,4.15,3.44,2.59,2.68,5.7,20.31,166,0.15,0.546,
IC160814A,128340,58537957,2016-08-14 21:45:54.075,57614.90687586575,hese-gold,198.11,-32.49,0.65,0.76,0.44,0.42,1.22,1.3,0.81,0.76,0.78,2.59,263,0.56,0.607,hese-bronze
IC160924A,128547,14557367,2016-09-24 17:47:08.158,57655.74106664507,gfu-gold,240.51,1.72,0.46,0.45,0.63,0.62,0.85,0.84,1.19,1.12,0.88,3.01,199,1.1,0.532,gfu-bronze
IC161001A,128567,21044380,2016-10-01 10:32:23.868,57662.43916514374,gfu-gold,192.96,37.45,0.99,1.05,0.57,0.61,1.83,1.87,1.03,1.15,1.44,4.89,217,0.32,0.659,gfu-bronze
IC161012A,128606,54200591,2016-10-12 14:42:06.647,57673.61257692857,gfu-gold,188.66,-8.31,0.86,0.9,1.15,0.96,1.54,1.64,2.0,1.74,2.79,8.96,809,0.9,0.252,gfu-bronze
IC161021A,128632,62194858,2016-10-21 07:25:17.916,57682.309235133194,gfu-bronze,121.9,23.52,0.36,0.32,0.29,0.26,0.66,0.61,0.53,0.49,0.27,0.93,145,1.3,0.454,
IC161027A,128651,44166050,2016-10-27 13:40:21.219,57688.56969003272,gfu-bronze,118.96,1.94,0.45,0.59,0.69,0.92,0.93,1.1,1.45,1.74,1.18,4.29,161,1.96,0.396,
IC161103A,128672,38561326,2016-11-03 09:07:31.127,57695.380221372485,hese-bronze,41.79,13.17,0.48,0.56,0.5,0.34,0.93,0.96,0.81,0.82,0.67,2.32,85,1.38,0.311,
IC161117A,128755,32356079,2016-11-17 07:58:04.213,57709.33199321103,gfu-gold,77.92,1.49,0.65,0.57,0.63,0.58,1.2,1.14,1.16,1.12,1.17,4.14,197,1.13,0.528,gfu-bronze
IC161125A,128785,76992952,2016-11-25 10:19:24.426,57717.4301438235,gfu-bronze,141.24,-0.34,0.41,0.43,0.41,0.31,0.74,0.9,0.69,0.6,0.46,1.64,167,1.73,0.426,
IC161127A,128796,26367207,2016-11-27 15:57:14.403,57719.66475003057,gfu-bronze,284.85,71.79,3.62,46.52,2.61,2.13,5.59,48.66,3.71,3.72,13.28,49.6,149,0.32,0.477,
IC161210A,128906,80127519,2016-12-10 20:06:40.314,57732.83796659917,ehe-gold,46.8,15.09,0.27,0.33,0.31,0.31,0.5,0.6,0.57,0.56,0.28,0.93,75,1.96,0.38,
IC161224A,128967,17750653,2016-12-24 12:53:48.202,57746.53736344514,gfu-bronze,62.27,18.21,0.38,0.61,0.46,0.42,0.71,1.07,0.85,0.79,0.65,2.17,149,1.73,0.441,
IC170105A,129020,20626582,2017-01-05 03:24:22.107,57758.14192253704,gfu-gold,311.66,7.97,0.35,0.31,0.35,0.36,0.62,0.6,0.65,0.66,0.36,1.24,208,0.95,0.556,gfu-bronze
IC170206A,129144,66284903,2017-02-06 13:10:32.441,57790.54898658779,gfu-bronze,179.21,32.84,0.54,0.48,0.53,0.56,1.03,0.94,1.11,1.06,0.68,2.58,145,0.88,0.482,
IC170208A,129153,11436007,2017-02-08 03:04:29.923,57792.12812411078,gfu-bronze,100.68,16.41,0.62,0.57,0.43,0.37,1.07,1.1,0.71,0.68,0.69,2.28,158,1.49,0.455,
IC170208B,129154,45298080,2017-02-08 14:17:08.110,57792.59523275074,gfu-bronze,92.33,4.41,0.71,0.58,0.47,0.5,1.27,1.18,0.9,0.94,0.97,3.41,144,2.85,0.347,
IC170227A,129232,51118868,2017-02-27 01:33:25.266,57811.064875761615,gfu-bronze,204.61,4.52,0.7,0.82,0.37,0.41,1.23,1.63,0.74,0.84,0.92,3.48,111,3.55,0.284,
IC170308A,129267,34234803,2017-03-08 22:11:49.335,57820.924876561636,gfu-bronze,155.96,5.68,0.55,0.44,0.28,0.38,1.14,0.73,0.5,0.68,0.51,1.73,111,3.98,0.269,
IC170321A,129307,80305071,2017-03-21 07:32:20.698,57833.31412844517,ehe-gold,97.87,-14.32,0.46,0.42,0.42,0.44,0.84,0.82,0.78,0.81,0.56,1.97,211,1.11,0.242,
IC170422A,129420,59928529,2017-04-22 15:29:49.189,57865.645708201875,gfu-bronze,240.86,5.53,1.04,1.03,0.41,0.36,1.87,1.96,0.77,0.64,1.17,4.06,167,1.7,0.413,
IC170427A,129434,58903823,2017-04-27 07:31:46.026,57870.31372715437,gfu-bronze,4.39,-0.48,0.44,0.46,0.27,0.29,0.79,0.82,0.5,0.52,0.39,1.3,161,1.97,0.402,
IC170514A,129506,21161807,2017-05-14 04:11:27.697,57887.17462612477,gfu-bronze,311.84,18.56,0.27,0.3,0.31,0.28,0.52,0.54,0.55,0.53,0.25,0.86,113,2.37,0.357,
IC170514B,129506,49650572,2017-05-14 07:12:13.042,57887.3001509515,gfu-gold,226.36,30.26,0.63,0.64,0.51,0.58,1.14,1.17,0.9,1.18,0.87,3.05,180,0.76,0.572,gfu-bronze
IC170527A,129550,51402681,2017-05-27 01:40:16.774,57900.06963858731,gfu-bronze,179.38,27.49,0.53,0.46,0.45,1.0,1.0,0.78,0.77,1.54,0.78,2.53,133,1.2,0.441,
IC170621A,129654,8332254,2017-06-21 04:35:20.519,57925.19120971263,gfu-bronze,74.4,25.94,0.75,0.86,0.52,0.57,1.38,1.62,0.97,1.04,1.24,4.27,112,1.89,0.385,
IC170626A,129677,55886338,2017-06-26 12:27:48.912,57930.51931610766,gfu-gold,281.03,9.52,0.53,0.6,0.32,0.36,1.04,1.02,0.66,0.62,0.54,1.95,213,0.91,0.567,gfu-bronze
IC170704A,129701,49353375,2017-07-04 07:01:20.848,57938.29260240479,gfu-gold,230.54,23.36,0.52,0.56,0.41,0.4,1.0,0.92,0.78,0.74,0.61,2.04,202,0.76,0.626,gfu-bronze
IC170717A,129777,67372962,2017-07-17 19:37:25.742,57951.817659050255,gfu-gold,207.95,23.6,0.84,0.75,0.53,0.45,1.42,1.28,1.1,0.84,1.08,3.7,568,0.27,0.873,gfu-bronze
IC170803A,129855,33565191,2017-08-03 02:00:44.450,57968.08384779975,gfu-gold,0.04,4.71,2.19,0.6,0.32,0.24,4.28,1.01,0.53,0.36,0.71,3.24,221,0.86,0.574,gfu-bronze
IC170809A,129878,40814378,2017-08-09 14:19:45.951,57974.597059612825,gfu-gold,21.71,-2.87,0.36,0.56,0.4,0.34,0.6,1.01,0.71,0.57,0.44,1.36,240,0.61,0.62,gfu-bronze
IC170819A,129915,72252401,2017-08-19 06:37:09.484,57984.2758042185,gfu-bronze,27.25,18.72,0.29,0.24,0.26,0.29,0.51,0.48,0.5,0.52,0.22,0.75,173,1.1,0.531,
IC170824A,129933,32926212,2017-08-24 13:17:24.069,57989.5537508031,gfu-gold,38.06,10.92,3.43,1.51,2.0,0.63,5.36,2.78,2.66,1.04,7.07,20.45,182,1.09,0.511,gfu-bronze
IC170922A,130033,50579430,2017-09-22 20:54:30.436,58018.87118560489,gfu-gold,77.48,6.05,0.28,0.31,0.26,0.27,0.57,0.56,0.49,0.49,0.24,0.85,284,0.5,0.652,"gfu-bronze, ehe-gold"
IC170923A,130034,7858514,2017-09-23 00:30:40.353,58019.021300379296,gfu-gold,172.75,-2.69,0.28,0.25,0.25,0.27,0.5,0.47,0.47,0.48,0.21,0.73,215,0.78,0.586,gfu-bronze
IC171006A,130092,30964247,2017-10-06 07:23:14.655,58032.3078085121,gfu-bronze,132.45,17.31,0.51,0.45,0.51,0.39,0.95,0.88,1.02,0.68,0.62,2.22,127,2.1,0.388,
IC171015A,130126,56068624,2017-10-15 01:34:30.066,58041.06562575943,hese-gold,162.99,-15.64,0.71,0.56,0.23,0.26,1.27,1.0,0.48,0.49,0.43,1.54,72,0.3,0.554,hese-bronze
IC171028A,130172,52824390,2017-10-28 18:21:16.529,58054.76477464011,gfu-bronze,294.83,1.04,0.28,0.29,0.38,0.33,0.52,0.56,0.69,0.62,0.31,1.1,144,2.68,0.356,
IC171106A,130214,17569642,2017-11-06 18:39:39.214,58063.777537203896,gfu-gold,340.4,7.37,0.13,0.15,0.19,0.14,0.25,0.28,0.33,0.27,0.07,0.24,1674,0.18,0.978,"gfu-bronze, ehe-gold"
IC180117A,130561,84363835,2018-01-17 18:03:10.564,58135.75220559863,hese-bronze,206.28,3.7,0.43,0.39,0.28,0.27,0.81,0.72,0.47,0.47,0.35,1.12,85,0.33,0.424,
IC180123A,130588,44934051,2018-01-23 16:14:58.628,58141.6770674525,gfu-gold,74.44,11.07,0.62,0.66,0.31,0.26,1.18,1.17,0.51,0.51,0.52,1.74,437,0.49,0.804,gfu-bronze
IC180125A,130597,55489144,2018-01-25 23:25:03.523,58143.97573521594,gfu-bronze,207.64,23.64,0.26,0.22,0.2,0.17,0.43,0.39,0.35,0.34,0.12,0.38,113,1.97,0.382,
IC180205A,130639,37366501,2018-02-05 00:06:04.631,58154.00422026594,gfu-bronze,17.4,-10.54,0.26,0.39,0.28,0.25,0.55,0.62,0.5,0.52,0.27,0.91,133,0.94,0.229,
IC180213A,130684,80612787,2018-02-13 09:04:03.911,58162.37782304162,gfu-bronze,66.8,5.87,0.34,0.34,0.35,0.37,0.63,0.63,0.65,0.67,0.38,1.3,116,3.58,0.297,
IC180228A,130743,25740057,2018-02-28 13:44:15.715,58177.57240411086,gfu-bronze,295.36,26.53,0.3,0.34,0.26,0.25,0.56,0.61,0.46,0.46,0.23,0.75,134,1.18,0.443,
IC180313A,130797,67186364,2018-03-13 16:17:09.351,58190.67858044863,gfu-bronze,287.27,5.75,0.31,0.25,0.25,0.25,0.53,0.48,0.45,0.45,0.22,0.71,168,1.69,0.416,
IC180314A,130801,16289732,2018-03-14 19:17:42.475,58191.803963827064,gfu-bronze,58.01,0.63,0.43,0.49,0.26,0.33,0.81,0.85,0.49,0.56,0.41,1.34,155,2.31,0.378,
IC180316A,130807,3160265,2018-03-16 05:49:26.003,58193.24266207089,gfu-bronze,271.89,-1.79,0.28,0.29,0.31,0.3,0.51,0.54,0.57,0.55,0.27,0.91,163,1.86,0.411,
IC180410A,130912,76035104,2018-04-10 18:38:35.055,58218.77679461517,gfu-gold,218.72,0.6,0.32,0.33,0.28,0.34,0.63,0.57,0.47,0.62,0.31,1.0,249,0.61,0.622,gfu-bronze
IC180417A,130932,35022693,2018-04-17 06:41:03.494,58225.2785126638,gfu-gold,305.38,-4.03,0.61,0.63,0.26,0.24,1.25,1.15,0.55,0.44,0.47,1.78,214,0.72,0.598,gfu-bronze
IC180528A,131096,32665194,2018-05-28 12:09:00.393,58266.506254551154,gfu-bronze,311.88,0.22,0.3,0.24,0.28,0.28,0.52,0.47,0.51,0.5,0.23,0.79,113,3.88,0.293,
IC180608A,131134,60192271,2018-06-08 14:19:31.856,58277.59689648438,gfu-bronze,68.64,-0.86,0.26,0.26,0.26,0.27,0.47,0.48,0.48,0.49,0.22,0.72,165,1.78,0.417,
IC180612A,131145,43542963,2018-06-12 04:34:10.301,58281.190397007995,gfu-bronze,340.53,4.33,0.4,0.44,0.54,0.59,0.74,0.8,0.99,1.08,0.74,2.5,110,4.17,0.266,
IC180613A,131165,9342044,2018-06-13 23:34:35.938,58282.98236039212,gfu-bronze,37.18,11.45,0.51,0.53,0.77,0.83,0.94,0.98,1.41,1.5,1.25,4.19,161,1.44,0.437,
IC180807A,131360,57649537,2018-08-07 04:51:19.876,58337.20231338376,gfu-bronze,101.16,11.22,0.78,0.74,0.58,0.59,1.49,1.53,1.14,1.02,1.37,4.94,109,2.93,0.293,
IC180908A,131475,34507973,2018-09-08 19:59:31.848,58369.83300749986,ehe-gold,145.33,-2.24,0.36,0.37,0.36,0.32,0.73,0.66,0.62,0.6,0.36,1.28,150,1.8,0.3,
IC180909A,131477,57977901,2018-09-09 14:30:01.486,58370.60418386328,gfu-gold,141.33,26.57,0.67,0.68,0.57,0.47,1.27,1.31,1.19,0.79,0.98,3.49,177,0.8,0.552,gfu-bronze
IC180919A,131519,27561842,2018-09-19 01:33:47.242,58380.06513011518,gfu-bronze,258.22,33.29,0.36,0.31,0.37,0.25,0.61,0.59,0.63,0.5,0.26,0.9,154,0.99,0.498,
IC181008A,131602,39194539,2018-10-08 18:42:20.660,58399.779405790556,gfu-bronze,77.3,1.42,0.26,0.28,0.3,0.34,0.49,0.51,0.55,0.59,0.27,0.89,111,4.04,0.282,
IC181014A,131624,12296708,2018-10-14 11:52:19.072,58405.49466518118,hese-bronze,224.56,-34.91,0.39,0.56,0.32,0.41,0.69,0.98,0.55,0.72,0.43,1.32,54,1.88,0.386,
IC181023A,131653,53411354,2018-10-23 16:37:32.652,58414.69273902958,ehe-gold,269.52,-8.54,0.44,0.29,0.47,0.44,0.8,0.55,0.84,0.81,0.49,1.67,298,1.08,0.153,
IC181023B,131653,63430929,2018-10-23 17:39:45.658,58414.73594511725,gfu-bronze,78.27,21.38,0.26,0.27,0.27,0.28,0.49,0.5,0.49,0.51,0.21,0.72,149,1.47,0.452,
IC181114A,131746,47815348,2018-11-14 22:40:17.600,58436.94464815189,gfu-bronze,5.14,18.92,0.29,0.3,0.28,0.28,0.53,0.55,0.51,0.51,0.25,0.81,155,1.55,0.462,
IC181120A,131764,48222919,2018-11-20 17:00:32.203,58442.70870605052,gfu-gold,26.02,13.06,0.68,0.67,0.51,0.57,1.24,1.23,0.97,1.03,1.07,3.65,195,0.94,0.555,gfu-bronze
IC181120B,131767,7377802,2018-11-20 22:38:51.014,58442.94364599242,gfu-gold,323.13,49.17,1.12,1.12,1.2,1.19,2.02,2.09,2.16,2.19,2.68,9.0,180,0.15,0.599,gfu-bronze
IC181121A,131768,80926380,2018-11-21 13:55:09.228,58443.57996791468,gfu-gold,132.89,29.96,1.08,1.96,1.92,1.92,2.07,3.02,3.28,3.14,6.85,21.44,222,0.47,0.663,gfu-bronze
IC181212A,131913,38717715,2018-12-12 02:02:43.857,58464.085229821794,hese-bronze,316.54,-28.21,1.1,1.42,0.88,0.81,1.92,2.63,1.49,1.37,2.64,8.42,162,1.38,0.459,
IC190113A,132043,80110393,2019-01-13 02:07:28.768,58496.08852740324,gfu-bronze,57.13,-0.71,0.35,0.34,0.39,0.26,0.59,0.64,0.67,0.45,0.35,1.08,162,1.92,0.406,
IC190124A,132077,9759013,2019-01-24 03:43:54.792,58507.15549527989,hese-gold,307.31,-32.18,0.22,0.22,0.11,0.18,0.37,0.41,0.24,0.3,0.08,0.27,157,0.3,0.743,hese-bronze
IC190201A,132128,69441226,2019-02-01 00:22:33.997,58515.01567125964,gfu-bronze,244.69,38.44,0.28,0.23,0.24,0.22,0.49,0.43,0.43,0.41,0.14,0.47,170,0.37,0.551,
IC190214A,132206,36575563,2019-02-14 16:08:39.390,58528.67267812246,gfu-gold,227.81,-4.14,0.29,0.35,0.28,0.26,0.6,0.62,0.53,0.48,0.27,0.96,368,0.29,0.757,gfu-bronze
IC190221A,132229,66688965,2019-02-21 08:25:39.719,58535.3511541588,hese-gold,268.42,-16.84,0.31,0.36,0.4,0.24,0.53,0.59,0.58,0.44,0.3,0.86,107,0.36,0.55,hese-bronze
IC190223A,132237,23969090,2019-02-23 20:24:04.100,58537.85004745611,gfu-gold,155.13,19.75,0.28,0.26,0.25,0.23,0.51,0.49,0.45,0.43,0.19,0.65,174,1.05,0.533,gfu-bronze
IC190317A,132321,28454069,2019-03-17 19:57:54.269,58559.831878109886,gfu-bronze,81.78,3.51,0.51,0.52,0.54,0.61,0.93,0.97,1.02,1.1,0.93,3.15,113,3.92,0.284,
IC190410A,132427,70353420,2019-04-10 10:28:19.612,58583.436338103194,gfu-bronze,309.86,11.64,0.34,0.33,0.38,0.38,0.62,0.61,0.7,0.7,0.38,1.32,109,2.7,0.297,
IC190413A,132437,16335312,2019-04-13 10:47:58.493,58586.44998255463,gfu-bronze,219.59,11.87,0.24,0.27,0.25,0.27,0.46,0.49,0.45,0.48,0.2,0.67,111,2.49,0.309,
IC190413B,132437,67132865,2019-04-13 15:57:01.512,58586.66460083455,gfu-bronze,245.39,22.23,0.32,0.32,0.26,0.3,0.62,0.6,0.49,0.54,0.26,0.91,123,1.8,0.404,
IC190415A,132443,12627143,2019-04-15 10:29:43.305,58588.437306769665,gfu-bronze,155.13,5.34,0.39,0.34,0.36,0.34,0.74,0.65,0.65,0.65,0.39,1.39,131,3.27,0.324,
IC190422A,132465,3856549,2019-04-22 05:59:42.072,58595.24979249506,gfu-gold,167.83,17.82,0.33,0.34,0.36,0.43,0.62,0.63,0.69,0.76,0.39,1.32,176,1.07,0.536,gfu-bronze
IC190503A,132508,42419327,2019-05-03 17:23:08.728,58606.72440656845,ehe-gold,120.45,6.58,0.47,0.4,0.3,0.42,0.83,0.75,0.57,0.75,0.48,1.61,150,1.71,0.341,gfu-bronze
IC190504A,132518,766165,2019-05-04 18:25:18.394,58607.7675740006,hese-bronze,64.51,-37.4,0.51,0.46,0.41,0.33,1.2,0.76,0.84,0.61,0.39,1.63,55,1.88,0.386,
IC190515A,132577,42662743,2019-05-15 10:48:52.825,58618.45061140577,gfu-gold,128.41,12.75,0.3,0.4,0.32,0.35,0.57,0.73,0.64,0.62,0.35,1.23,506,0.41,0.847,gfu-bronze
IC190613A,132684,5635104,2019-06-13 19:54:18.126,58647.82937645641,gfu-gold,311.97,26.94,0.33,0.33,0.43,0.35,0.55,0.55,0.8,0.6,0.34,1.07,203,0.69,0.632,gfu-bronze
IC190619A,132707,54984442,2019-06-19 13:14:18.048,58653.5515977822,gfu-gold,343.12,10.01,0.37,0.36,0.34,0.29,0.69,0.67,0.59,0.55,0.35,1.19,209,0.91,0.565,gfu-bronze
IC190629A,132768,5390846,2019-06-29 19:24:15.121,58663.808508341455,gfu-bronze,24.03,84.61,8.59,8.88,0.94,0.87,16.34,17.26,1.71,1.52,2.26,7.31,111,0.61,0.358,
IC190704A,132792,60166398,2019-07-04 18:48:52.254,58668.78393812659,gfu-bronze,161.19,27.32,0.37,0.37,0.42,0.37,0.67,0.66,0.76,0.7,0.4,1.35,161,0.92,0.505,
IC190712A,132814,44222682,2019-07-12 01:15:17.387,58676.05228456779,gfu-bronze,78.71,12.41,0.75,0.82,0.56,0.48,1.4,1.44,1.05,0.87,1.13,3.81,112,2.4,0.321,
IC190730A,132910,57145925,2019-07-30 20:50:41.311,58694.86853369251,gfu-gold,226.54,10.12,0.45,0.42,0.56,0.53,0.84,0.77,1.05,0.97,0.73,2.48,322,0.65,0.692,gfu-bronze
IC190819A,132974,67924813,2019-08-19 17:34:24.237,58714.73222496411,gfu-bronze,148.45,1.01,0.92,0.52,0.29,0.31,1.54,1.01,0.55,0.54,0.65,2.12,118,3.54,0.309,
IC190922A,133091,81419,2019-09-22 09:42:45.629,58748.404694777375,ehe-gold,168.4,-22.39,0.79,1.0,0.82,0.8,1.42,1.8,1.41,1.5,2.02,6.73,3350,0.22,0.202,
IC190922B,133092,52499868,2019-09-22 23:03:55.566,58748.961059793466,gfu-gold,6.02,-1.49,0.23,0.27,0.29,0.25,0.45,0.49,0.52,0.48,0.21,0.73,195,1.17,0.528,gfu-bronze
IC191001A,133119,22683750,2019-10-01 20:09:18.174,58757.8397936808,gfu-gold,313.02,11.95,1.74,0.83,0.72,0.59,3.03,1.52,1.28,1.01,2.44,7.91,231,0.82,0.608,gfu-bronze
IC191119A,133331,47828126,2019-11-19 01:01:29.383,58806.042701190054,gfu-gold,228.82,3.36,0.33,0.33,0.33,0.33,0.88,0.61,0.6,0.61,0.35,1.3,183,1.4,0.475,gfu-bronze
IC191122A,133348,80807014,2019-11-22 22:45:10.496,58809.94803814533,gfu-bronze,28.04,0.04,0.35,0.33,0.31,0.3,0.63,0.62,0.55,0.55,0.32,1.07,139,2.77,0.349,
IC191204A,133394,27261780,2019-12-04 22:46:11.315,58821.94874207213,gfu-bronze,80.24,2.72,0.47,0.4,0.31,0.31,0.88,0.76,0.55,0.58,0.42,1.45,140,2.87,0.346,
IC191215A,133433,29047901,2019-12-15 11:09:57.632,58832.465250373745,gfu-bronze,287.04,58.35,0.52,0.52,0.33,0.36,0.96,0.95,0.62,0.65,0.29,0.99,143,0.29,0.493,
IC191231A,133572,82361476,2019-12-31 11:00:06.079,58848.45840369244,gfu-bronze,53.17,19.67,1.87,1.95,1.18,1.23,3.21,3.47,2.3,2.19,5.86,19.61,162,1.34,0.488,
IC200109A,133609,37927131,2020-01-09 23:41:39.938,58857.98726780584,gfu-gold,165.67,13.67,0.8,0.79,0.55,0.7,1.45,1.37,0.94,1.42,1.44,4.92,397,0.6,0.784,gfu-bronze
IC200117A,133634,1410505,2020-01-17 11:08:29.691,58865.464232530736,gfu-bronze,115.97,29.31,0.28,0.28,0.26,0.25,0.52,0.53,0.48,0.47,0.19,0.68,112,1.74,0.394,
IC200410A,133945,24635982,2020-04-10 23:19:55.489,58949.972170016044,gfu-bronze,241.44,11.61,0.55,0.6,0.6,0.56,1.92,4.24,1.24,1.18,1.03,5.79,114,2.34,0.323,
IC200421A,133985,60770138,2020-04-21 00:35:24.241,58960.024586117994,gfu-bronze,89.08,7.86,0.46,0.46,0.34,0.37,0.86,0.84,0.64,0.67,0.51,1.73,149,2.22,0.375,
IC200425A,134013,16038252,2020-04-25 23:26:46.350,58964.97692534277,gfu-bronze,100.11,53.81,1.19,0.79,0.44,0.46,2.1,1.5,0.81,0.83,0.77,2.64,145,0.42,0.497,
IC200512A,134081,58268464,2020-05-12 07:31:27.759,58981.31351572679,gfu-bronze,295.44,16.02,0.25,0.31,0.31,0.32,0.49,0.56,0.58,0.58,0.27,0.91,112,2.42,0.338,
IC200523A,134116,58596690,2020-05-23 02:30:07.595,58992.104254573154,gfu-bronze,338.95,2.16,0.75,0.65,0.33,0.35,1.39,1.21,0.63,0.64,0.76,2.61,108,4.39,0.265,
IC200530A,134139,35473338,2020-05-30 07:54:29.433,58999.32950733045,ehe-gold,254.58,26.36,0.51,0.56,0.55,0.58,0.95,1.09,0.93,1.08,0.79,2.73,150,1.93,0.592,
IC200614A,134187,72386329,2020-06-14 12:41:21.419,59014.52872012802,gfu-bronze,28.74,31.17,0.47,0.5,0.37,0.38,0.89,0.92,0.68,0.68,0.49,1.65,128,1.19,0.444,
IC200615A,134191,17593623,2020-06-15 14:49:17.377,59015.617562233274,gfu-gold,143.13,3.58,0.3,0.27,0.34,0.32,0.55,0.5,0.62,0.62,0.3,1.01,528,0.27,0.842,"gfu-bronze, ehe-gold"
IC200620A,134207,33533447,2020-06-20 03:03:32.282,59020.12745696646,gfu-bronze,162.16,11.91,0.27,0.25,0.28,0.23,0.49,0.46,0.48,0.43,0.2,0.66,128,1.92,0.36,
IC200806A,134354,59221243,2020-08-06 13:50:56.435,59067.57704206692,gfu-bronze,157.05,47.75,0.36,0.4,0.26,0.23,0.66,0.7,0.46,0.43,0.2,0.64,111,0.69,0.414,
IC200911A,134482,27754576,2020-09-11 14:19:46.231,59103.59706286398,gfu-bronze,51.15,38.06,0.39,0.38,0.39,0.38,0.72,0.71,0.72,0.7,0.37,1.24,114,0.84,0.424,
IC200916A,134498,12605830,2020-09-16 20:40:30.957,59108.861469411604,gfu-bronze,109.38,14.32,0.28,0.28,0.29,0.25,0.52,0.52,0.51,0.48,0.23,0.78,114,2.31,0.34,
IC200921A,134512,71996695,2020-09-21 19:07:12.893,59113.79667700687,gfu-bronze,195.21,26.4,0.28,0.31,0.3,0.29,0.53,0.55,0.54,0.52,0.25,0.8,126,1.37,0.427,
IC200926A,134533,53384881,2020-09-26 07:54:11.621,59118.329301165126,ehe-gold,96.77,-4.59,0.29,0.24,0.34,0.31,0.53,0.47,0.63,0.58,0.27,0.92,841,0.5,0.441,hese-bronze
IC200926B,134535,41069485,2020-09-26 22:35:29.229,59118.94131052108,gfu-bronze,186.02,31.83,1.22,1.35,0.8,0.88,2.04,2.31,1.45,1.47,2.76,8.43,131,1.11,0.452,
IC200929A,134552,68615710,2020-09-29 17:48:36.839,59121.74209304676,gfu-gold,28.7,2.99,0.33,0.41,0.27,0.17,0.67,0.8,0.47,0.3,0.25,0.9,190,1.27,0.5,gfu-bronze
IC201007A,134577,31638233,2020-10-07 22:01:49.287,59129.91793155675,gfu-gold,265.3,5.38,0.23,0.34,0.16,0.3,0.44,0.52,0.33,0.57,0.18,0.6,801,0.24,0.909,"gfu-bronze, ehe-gold"
IC201014A,134599,66310113,2020-10-14 02:13:27.532,59136.0926797675,gfu-bronze,220.83,14.4,0.31,0.29,0.32,0.27,0.55,0.51,0.58,0.54,0.26,0.89,156,1.55,0.437,hese-bronze
IC201021A,134621,31008065,2020-10-21 06:37:47.483,59143.276244017936,gfu-bronze,260.77,14.67,0.32,0.32,0.23,0.28,0.6,0.57,0.44,0.49,0.25,0.82,109,2.63,0.314,
IC201114A,134698,40735501,2020-11-14 15:05:31.965,59167.62884218325,gfu-gold,104.59,5.57,0.45,0.46,0.47,0.49,0.82,0.88,0.85,0.83,0.67,2.18,228,0.81,0.586,gfu-bronze
IC201115A,134699,70289682,2020-11-15 02:07:26.213,59168.08849784114,gfu-gold,193.71,1.45,0.31,0.27,0.31,0.3,0.55,0.51,0.56,0.53,0.28,0.9,184,1.39,0.485,gfu-bronze
IC201120A,134715,65785778,2020-11-20 09:44:40.557,59173.40602495983,gfu-bronze,307.84,40.23,0.87,0.82,0.45,0.39,1.68,1.53,0.92,0.71,0.74,2.6,170,0.23,0.552,
IC201130A,134751,31476488,2020-11-30 20:21:46.476,59183.84845457848,ehe-gold,30.1,-13.32,0.4,0.43,0.53,0.51,0.75,0.8,0.96,0.94,0.65,2.23,211,1.28,0.147,
IC201209A,134777,8912764,2020-12-09 10:15:43.944,59192.42759194133,ehe-gold,7.12,-9.18,0.26,0.4,0.46,0.38,0.49,0.63,0.79,0.69,0.39,1.2,422,0.74,0.192,
IC201221A,134817,29175858,2020-12-21 12:36:53.455,59204.52561869099,gfu-gold,262.0,41.66,0.47,0.47,0.48,0.42,0.86,0.88,0.86,0.81,0.49,1.69,188,0.15,0.595,gfu-bronze
IC201222A,134818,73718836,2020-12-22 00:56:16.145,59205.03907574695,gfu-gold,206.85,13.55,0.33,0.28,0.24,0.29,0.58,0.49,0.47,0.47,0.23,0.73,194,0.94,0.555,"gfu-bronze, ehe-gold"
IC210210A,134979,17138286,2021-02-10 11:53:55.646,59255.495782940336,gfu-gold,206.85,4.41,0.25,0.26,0.33,0.26,0.43,0.51,0.68,0.48,0.24,0.82,310,0.43,0.676,"gfu-bronze, ehe-gold"
IC210503A,135251,10024822,2021-05-03 22:19:32.961,59337.93024259968,gfu-bronze,143.09,41.36,0.57,0.61,0.56,0.66,1.05,1.14,1.02,1.26,0.85,2.94,114,0.59,0.431,
IC210510A,135270,69188496,2021-05-10 04:50:10.739,59344.20151318136,gfu-bronze,268.02,4.03,0.24,0.26,0.28,0.22,0.44,0.46,0.47,0.41,0.2,0.62,121,3.55,0.307,
IC210516A,135292,56063172,2021-05-16 14:38:20.337,59350.60995760446,gfu-bronze,91.8,9.67,0.26,0.26,0.27,0.23,0.49,0.48,0.48,0.44,0.2,0.68,113,2.86,0.306,
IC210608A,135363,69917294,2021-06-08 03:41:00.975,59373.15348350774,gfu-bronze,337.1,17.43,2.57,1.9,0.97,0.73,3.81,3.23,2.26,1.33,5.05,17.0,109,2.63,0.333,
IC210629A,135440,3139778,2021-06-29 18:09:44.226,59394.75676186965,gfu-bronze,340.66,12.6,0.27,0.24,0.26,0.27,0.48,0.46,0.46,0.48,0.21,0.67,130,1.9,0.368,
IC210717A,135504,28341937,2021-07-17 15:44:59.101,59412.65623958994,hese-bronze,46.05,-1.98,0.63,0.52,0.64,0.76,1.07,1.07,1.2,1.42,1.24,4.3,85,0.68,0.376,
IC210730A,135553,7213992,2021-07-30 22:12:40.630,59425.92547024933,gfu-bronze,105.82,14.9,0.27,0.27,0.25,0.3,0.51,0.51,0.47,0.52,0.22,0.76,115,2.29,0.346,
IC210811A,135591,36044887,2021-08-11 02:02:44.038,59437.08523191601,gfu-gold,270.92,25.37,0.3,0.45,0.29,0.26,0.56,0.77,0.5,0.47,0.28,0.89,238,0.66,0.685,gfu-bronze
IC210922A,135736,30987826,2021-09-22 18:17:20.948,59479.76204801038,gfu-gold,60.64,-4.37,0.21,0.17,0.16,0.14,0.37,0.32,0.3,0.27,0.09,0.31,800,0.15,0.932,"gfu-bronze, ehe-gold"
IC211023A,135832,55176071,2021-10-23 08:31:18.318,59510.355073122366,gfu-bronze,253.56,-1.68,0.24,0.28,0.27,0.29,0.46,0.5,0.51,0.52,0.23,0.77,133,2.75,0.347,
IC211116A,135906,30719293,2021-11-16 10:33:16.052,59534.439769125886,gfu-bronze,42.36,0.04,0.61,0.56,0.41,0.46,1.05,1.06,0.71,0.87,0.78,2.57,168,1.73,0.424,
IC211117A,135908,43512334,2021-11-17 03:50:57.184,59535.16038407392,gfu-gold,225.62,-0.19,0.25,0.27,0.31,0.24,0.47,0.48,0.52,0.45,0.22,0.73,203,1.01,0.549,gfu-bronze
IC211123A,135930,15193553,2021-11-23 14:25:22.607,59541.60095610072,gfu-bronze,265.03,7.03,0.37,0.36,0.42,0.43,0.67,0.67,0.77,0.79,0.48,1.62,153,2.25,0.375,
IC211125A,135936,74588253,2021-11-25 06:22:21.556,59543.26552727257,gfu-bronze,43.95,21.5,0.41,0.46,0.32,0.34,0.81,0.81,0.6,0.61,0.42,1.43,124,1.85,0.403,
IC211208A,136015,21306805,2021-12-08 20:02:51.091,59556.83531355863,gfu-gold,114.04,15.71,0.47,0.34,0.43,0.47,1.18,0.6,0.75,0.83,0.51,1.91,178,1.09,0.524,gfu-bronze
IC211216A,136055,348073,2021-12-16 07:07:38.138,59564.29696918908,gfu-bronze,316.23,15.91,0.27,0.31,0.26,0.28,0.5,0.54,0.47,0.49,0.23,0.75,117,2.22,0.362,
IC211216B,136057,6147475,2021-12-16 23:41:13.940,59564.98696689253,gfu-bronze,199.56,16.88,0.32,0.29,0.28,0.31,0.59,0.56,0.54,0.56,0.27,0.94,116,2.26,0.365,
IC220115A,136170,48281000,2022-01-15 12:11:39.754,59594.50809900933,gfu-bronze,358.02,25.37,0.47,0.54,0.36,0.29,0.92,0.97,0.66,0.57,0.45,1.58,115,1.75,0.397,
IC220202A,136241,22093816,2022-02-02 11:48:38.589,59612.49211329909,ehe-gold,21.88,-4.22,0.32,0.22,0.19,0.14,0.68,0.36,0.32,0.29,0.14,0.49,150,1.9,0.206,
IC220205A,136249,27650203,2022-02-05 00:22:39.740,59615.015737727146,gfu-bronze,215.9,15.25,0.38,0.42,0.41,0.41,0.72,0.75,0.76,0.75,0.5,1.67,113,2.36,0.34,
IC220205B,136260,4895987,2022-02-05 20:08:10.595,59615.83901151842,gfu-gold,267.1,-3.62,0.29,0.35,0.23,0.27,0.57,0.63,0.38,0.49,0.23,0.75,230,0.61,0.618,gfu-bronze
IC220221A,136348,65788242,2022-02-21 00:42:19.119,59631.02938794905,hese-gold,288.81,21.5,0.69,1.1,0.71,0.66,1.18,1.83,1.25,1.72,1.67,6.03,157,0.36,0.673,hese-bronze
IC220225A,136366,14203460,2022-02-25 14:12:00.684,59635.59167458641,gfu-bronze,33.66,-0.19,0.52,0.47,0.32,0.34,0.95,0.88,0.59,0.61,0.51,1.72,159,2.03,0.397,
IC220303A,136385,7450363,2022-03-03 18:00:07.622,59641.750088217326,gfu-gold,268.33,11.22,0.4,0.33,0.3,0.28,0.7,0.59,0.54,0.5,0.32,1.01,420,0.49,0.782,"gfu-bronze, ehe-gold"
IC220304A,136388,4701751,2022-03-04 17:44:12.213,59642.73903024672,gfu-gold,49.57,8.57,1.5,1.51,1.37,6.41,3.42,3.42,2.91,8.92,17.79,62.5,284,0.48,0.652,gfu-bronze
IC220306A,136392,25495567,2022-03-06 03:46:37.068,59644.15737346921,gfu-gold,315.09,8.5,0.22,0.32,0.17,0.16,0.45,0.5,0.32,0.31,0.14,0.46,434,0.42,0.791,"gfu-bronze, ehe-gold"
IC220317A,136441,11435033,2022-03-17 02:32:17.683,59655.105760218175,gfu-bronze,155.35,11.11,0.32,0.29,0.34,0.37,0.57,0.54,0.63,0.66,0.33,1.11,143,1.76,0.386,
IC220405A,136504,1833389,2022-04-05 04:57:26.116,59674.20655226513,gfu-bronze,134.69,-1.19,0.29,0.28,0.28,0.26,0.53,0.52,0.5,0.48,0.24,0.81,132,2.9,0.34,
IC220405B,136506,15341152,2022-04-05 22:20:03.413,59674.93059505728,gfu-bronze,320.27,29.27,0.29,0.38,0.25,0.26,0.58,0.67,0.47,0.49,0.24,0.81,110,1.87,0.382,
IC220421A,136556,43687362,2022-04-21 05:20:18.257,59690.22243353568,gfu-bronze,114.35,6.02,0.31,0.29,0.36,0.35,0.56,0.54,0.64,0.64,0.33,1.09,161,1.93,0.394,
IC220424A,136565,2186969,2022-04-24 01:06:24.064,59693.04611185014,gfu-gold,345.67,8.8,0.27,0.24,0.29,0.28,0.49,0.46,0.52,0.51,0.22,0.76,191,1.1,0.519,gfu-bronze
IC220425A,136568,17854328,2022-04-25 02:44:57.816,59694.11455805511,ehe-gold,267.41,-11.34,0.4,0.47,0.47,0.4,0.86,0.85,0.87,0.74,0.58,2.09,596,0.56,0.169,
IC220501A,136588,56014830,2022-05-01 22:50:58.635,59700.952067539816,gfu-bronze,311.57,18.72,0.29,0.27,0.26,0.24,0.54,0.52,0.48,0.46,0.21,0.73,139,1.91,0.423,
IC220509A,136615,14688828,2022-05-09 18:19:04.116,59708.7632420855,gfu-gold,334.47,4.71,0.35,0.33,0.33,0.37,0.63,0.68,0.58,0.62,0.37,1.19,186,1.35,0.479,gfu-bronze
IC220513A,136627,61640402,2022-05-13 23:23:12.606,59712.97445146306,gfu-gold,222.71,-1.31,0.54,0.35,0.27,0.26,0.91,0.71,0.48,0.49,0.37,1.24,221,0.78,0.583,gfu-bronze
IC220524A,136662,35405932,2022-05-24 07:41:32.185,59723.32051140454,gfu-bronze,47.2,-3.47,1.81,0.41,0.31,0.31,2.11,0.62,0.48,0.47,0.61,1.99,125,2.57,0.352,
IC220624A,136766,7637140,2022-06-24 16:13:16.405,59754.67588432013,gfu-gold,223.24,40.47,0.72,0.78,0.79,0.69,1.29,1.36,1.37,1.24,1.1,4.54,200,0.17,0.631,gfu-bronze
IC220627A,136775,22443736,2022-06-27 17:51:54.276,59757.74437819295,gfu-bronze,165.45,5.0,0.32,0.29,0.34,0.32,0.59,0.56,0.62,0.6,0.32,1.09,136,3.16,0.332,
IC220629A,136783,66879340,2022-06-29 23:51:31.693,59759.99411681655,gfu-bronze,164.18,4.29,0.24,0.25,0.24,0.24,0.46,0.47,0.44,0.45,0.19,0.65,139,3.0,0.34,
IC220822A,136973,28816141,2022-08-22 20:26:30.030,59813.85173645854,gfu-bronze,270.97,21.74,0.48,0.41,0.36,0.37,0.9,0.82,0.67,0.68,0.45,1.59,122,1.82,0.402,
IC220907A,137019,70165712,2022-09-07 06:46:47.516,59829.28249439796,gfu-bronze,224.44,44.85,1.23,1.21,0.42,0.55,2.06,2.23,0.78,1.0,1.32,4.25,138,0.39,0.478,
IC220918A,137065,22012496,2022-09-18 12:46:05.323,59840.532006050445,gfu-gold,75.59,3.47,0.41,0.41,0.52,0.52,0.74,0.77,0.95,0.98,0.66,2.28,175,1.58,0.443,gfu-bronze
IC220928A,137096,70551815,2022-09-28 12:32:38.300,59850.522665511824,gfu-bronze,208.08,10.05,0.26,0.27,0.3,0.32,0.48,0.49,0.55,0.57,0.25,0.85,156,1.74,0.407,
IC221104A,137217,75180896,2022-11-04 06:10:08.181,59887.25703912928,gfu-bronze,210.01,15.09,0.28,0.27,0.32,0.27,0.52,0.51,0.56,0.51,0.25,0.83,112,2.41,0.335,
IC221124A,137296,24212476,2022-11-24 15:46:02.269,59907.65697070942,gfu-bronze,299.05,3.36,0.51,0.6,0.49,0.45,0.97,1.22,0.86,0.81,0.81,2.78,154,2.43,0.369,
IC221210A,137350,7930341,2022-12-10 08:35:11.239,59923.357768972266,gfu-bronze,336.01,24.5,1.84,4.36,2.39,1.31,3.53,6.23,3.54,2.88,15.03,43.03,171,0.91,0.528,
IC221216A,137390,43495485,2022-12-16 06:00:14.018,59929.250162242504,gfu-bronze,5.93,10.35,1.42,0.7,0.45,0.46,2.09,1.33,0.85,0.81,1.33,4.29,162,1.46,0.436,
IC221223A,137467,64735045,2022-12-23 07:43:00.523,59936.321533829934,gfu-gold,350.95,34.45,0.59,0.66,0.43,0.34,1.2,1.14,0.76,0.65,0.6,2.1,379,0.24,0.813,gfu-bronze
IC221224A,137469,77414913,2022-12-24 00:55:09.291,59937.03830197822,gfu-bronze,335.92,1.38,0.24,0.26,0.24,0.23,0.47,0.48,0.45,0.44,0.19,0.65,120,3.47,0.312,
IC221229A,137487,35344578,2022-12-29 07:25:27.884,59942.30935051353,gfu-gold,31.55,4.29,0.31,0.33,0.3,0.28,0.57,0.6,0.53,0.51,0.29,0.96,221,0.85,0.574,gfu-bronze
IC230112A,137537,52990531,2023-01-12 06:44:50.604,59956.28114124681,gfu-bronze,24.79,0.56,0.29,0.26,0.23,0.28,0.53,0.51,0.44,0.5,0.22,0.76,115,3.71,0.301,
IC230122A,137571,16496893,2023-01-22 03:50:02.001,59966.15974537747,gfu-bronze,17.71,8.39,0.38,0.39,0.54,0.61,0.71,0.7,1.01,1.11,0.68,2.3,111,3.28,0.29,
IC230201A,137603,30799022,2023-02-01 06:20:54.421,59976.264518767246,gfu-bronze,346.11,12.06,0.28,0.33,0.3,0.31,0.54,0.59,0.55,0.56,0.29,0.96,130,1.87,0.365,
IC230217A,137661,22129736,2023-02-17 20:49:43.376,59992.86786314296,hese-bronze,123.93,19.19,0.33,0.41,0.46,0.49,0.58,0.86,0.9,0.9,0.49,1.88,55,1.88,0.454,
IC230220A,137668,51133257,2023-02-20 07:39:10.837,59995.31887543253,gfu-bronze,359.34,3.28,0.28,0.29,0.28,0.25,0.51,0.53,0.49,0.47,0.23,0.78,158,2.16,0.383,
IC230306A,137711,79205800,2023-03-06 10:59:30.414,60009.457990902236,gfu-gold,72.95,34.55,0.27,0.28,0.32,0.27,0.5,0.52,0.59,0.49,0.2,0.69,183,0.63,0.584,gfu-bronze
IC230401A,137794,38132005,2023-04-01 16:14:18.907,60035.67660771601,gfu-bronze,7.51,2.76,0.63,0.56,0.35,0.38,1.14,0.99,0.67,0.68,0.68,2.28,114,3.81,0.292,
IC230405A,137806,8756840,2023-04-05 13:20:20.046,60039.55578756369,gfu-bronze,119.31,10.28,0.44,0.48,0.43,0.41,0.83,0.86,0.79,0.76,0.6,2.03,114,2.62,0.317,
IC230416A,137840,57034692,2023-04-16 05:22:26.151,60050.2239137798,gfu-bronze,345.81,9.22,0.26,0.37,0.23,0.25,0.51,0.6,0.42,0.45,0.23,0.73,137,2.31,0.359,
IC230506A,137910,29871391,2023-05-06 15:53:45.938,60070.66233724213,gfu-gold,49.88,21.54,0.83,0.73,0.63,0.87,1.59,1.28,1.2,1.36,1.68,5.35,225,0.74,0.666,gfu-bronze
IC230511A,137932,1791376,2023-05-11 18:03:50.104,60075.75266324577,gfu-gold,16.83,36.42,0.76,0.91,0.93,0.94,1.4,1.7,1.75,1.92,1.92,6.78,184,0.4,0.587,gfu-bronze
IC230524A,137971,11526243,2023-05-24 11:09:36.249,60088.46500287874,gfu-bronze,319.17,2.84,0.44,0.53,0.48,0.5,0.85,0.94,1.01,0.91,0.73,2.63,113,3.94,0.284,
IC230603A,138005,24780443,2023-06-03 05:00:47.130,60098.20887882084,gfu-bronze,66.88,24.67,0.84,0.97,0.68,0.84,1.55,1.78,1.27,2.41,1.89,7.31,155,1.12,0.475,
IC230707A,138125,11333473,2023-07-07 16:58:50.036,60132.70752355949,gfu-gold,268.99,-2.09,0.18,0.25,0.17,0.24,0.33,0.41,0.34,0.42,0.13,0.42,301,0.39,0.684,"hese-bronze, gfu-bronze, ehe-gold"
IC230707B,138125,29513102,2023-07-07 18:56:51.435,60132.789484205896,gfu-bronze,128.23,21.58,0.95,0.88,1.1,1.06,1.78,1.59,2.0,1.89,2.87,9.51,160,1.2,0.488,
IC230708A,138131,35302784,2023-07-08 08:17:05.211,60133.34519920464,gfu-gold,271.32,8.73,0.29,0.34,0.39,0.39,0.56,0.61,0.72,0.72,0.38,1.31,222,0.85,0.58,gfu-bronze
IC230724A,138181,66037171,2023-07-24 01:49:13.381,60149.07584932059,gfu-gold,33.22,-2.13,0.53,0.52,0.26,0.24,0.85,0.85,0.43,0.42,0.42,1.18,199,1.02,0.549,gfu-bronze
IC230725A,138193,21103478,2023-07-25 21:30:51.064,60150.89642434823,gfu-bronze,325.68,12.25,0.94,0.62,0.49,0.46,1.68,1.04,0.84,0.81,0.98,3.13,155,1.56,0.416,
IC230727A,138198,44334860,2023-07-27 16:05:39.630,60152.67059757279,gfu-bronze,33.27,7.48,0.26,0.26,0.24,0.28,0.48,0.48,0.45,0.5,0.21,0.71,118,3.15,0.312,
IC230914A,138354,45413430,2023-09-14 05:21:03.717,60201.22295969,gfu-gold,164.27,32.4,0.41,0.39,0.36,0.39,0.74,0.72,0.67,0.7,0.39,1.33,174,0.81,0.561,gfu-bronze
IC231004A,138415,56188508,2023-10-04 14:39:41.180,60221.610893290854,gfu-gold,144.49,24.34,0.35,0.42,0.44,0.32,0.66,0.71,0.75,0.61,0.4,1.29,465,0.42,0.85,gfu-bronze
IC231014A,138449,20481611,2023-10-14 22:00:06.269,60231.91673922834,gfu-bronze,296.1,0.78,0.78,0.79,1.3,0.62,1.8,1.42,2.01,1.07,2.28,7.68,115,3.67,0.302,
IC231027A,138487,60138479,2023-10-27 04:16:10.448,60244.17789869937,gfu-gold,267.85,47.9,1.11,1.14,1.11,1.22,2.08,2.11,1.93,2.09,2.8,9.03,199,0.15,0.642,gfu-bronze
IC231103A,138515,8773328,2023-11-03 09:17:35.299,60251.387214114286,gfu-gold,106.29,48.34,0.8,0.7,0.52,0.56,1.35,1.34,0.98,1.03,0.84,2.81,187,0.15,0.614,gfu-bronze
IC231125A,138599,39138591,2023-11-25 22:34:56.645,60273.940933395774,gfu-gold,177.28,53.81,2.27,2.27,0.77,1.02,4.03,4.01,1.49,1.78,3.72,12.25,199,0.15,0.645,gfu-bronze
IC231202A,138632,31747601,2023-12-02 17:08:24.093,60280.71416774579,gfu-bronze,138.65,0.15,0.29,0.25,0.34,0.33,0.51,0.48,0.62,0.61,0.28,0.96,108,4.4,0.271,
IC231211A,138669,4054005,2023-12-11 00:47:31.792,60289.03300685455,gfu-bronze,312.36,10.01,0.31,0.3,0.25,0.27,0.56,0.56,0.47,0.49,0.24,0.82,106,3.3,0.277,
IC240105A,138821,46175426,2024-01-05 12:27:42.574,60314.51924275227,gfu-bronze,72.91,11.34,0.29,0.27,0.26,0.22,0.54,0.51,0.47,0.42,0.21,0.71,110,2.64,0.301,
IC240123A,138890,34080563,2024-01-23 11:25:36.053,60332.47611172446,gfu-bronze,357.63,4.37,0.28,0.24,0.25,0.28,0.51,0.47,0.47,0.5,0.22,0.73,110,4.15,0.267,
IC240204A,138938,62272876,2024-02-04 09:09:00.441,60344.381255103115,gfu-bronze,348.57,10.62,0.3,0.27,0.42,0.4,0.53,0.55,0.73,0.75,0.36,1.22,156,1.61,0.414,
IC240229A,139071,47725621,2024-02-29 15:48:21.516,60369.65858236644,gfu-bronze,72.73,15.71,0.6,0.72,0.38,0.39,1.04,1.33,0.69,0.72,0.76,2.49,163,1.34,0.477,
IC240307A,139100,34742349,2024-03-07 07:44:57.381,60376.32288635149,gfu-gold,239.02,39.45,1.65,1.48,1.83,1.68,3.24,2.61,3.5,3.09,6.35,21.92,192,0.23,0.606,gfu-bronze
IC240327A,139204,39158985,2024-03-27 11:04:49.928,60396.46168897846,gfu-gold,25.4,7.75,0.26,0.27,0.29,0.32,0.48,0.49,0.54,0.57,0.25,0.83,200,1.03,0.539,gfu-bronze
IC240327B,139205,9784024,2024-03-27 16:12:30.473,60396.67535269246,gfu-bronze,89.03,1.53,0.26,0.31,0.35,0.34,0.49,0.54,0.63,0.61,0.3,1.0,153,2.42,0.371,
IC240412A,139279,10803235,2024-04-12 05:33:46.900,60412.23179282306,gfu-bronze,102.7,6.88,0.5,0.47,0.41,0.45,0.9,0.85,0.77,0.84,0.64,2.17,121,3.41,0.309,
IC240419A,139303,27647445,2024-04-19 23:25:41.045,60419.97616950717,gfu-bronze,73.04,1.6,0.89,0.88,0.37,0.33,1.67,1.55,0.71,0.61,0.96,3.32,121,3.43,0.315,
IC240424A,139315,50057906,2024-04-24 01:49:26.001,60424.07599538581,gfu-gold,325.99,2.65,0.72,0.53,0.48,0.44,1.28,0.99,0.86,0.8,0.88,2.95,192,1.22,0.508,gfu-bronze
IC240721A,139674,30853199,2024-07-21 16:17:25.765,60512.67877043129,gfu-bronze,354.95,22.59,0.28,0.28,0.27,0.3,0.51,0.5,0.5,0.53,0.23,0.75,147,1.38,0.454,
IC240725A,139685,1723093,2024-07-25 05:11:37.936,60516.21641129355,gfu-bronze,60.8,48.92,0.54,0.45,0.41,0.38,0.96,0.86,0.74,0.7,0.39,1.33,105,0.9,0.387,
IC240808A,139735,13003768,2024-08-08 06:32:39.254,60530.27267654723,gfu-bronze,55.94,33.15,0.61,0.5,0.42,0.42,1.13,0.94,0.79,0.76,0.54,1.85,127,1.18,0.445,
IC240929A,139912,46959751,2024-09-29 09:55:54.034,60582.413819835245,gfu-gold,180.57,18.92,0.37,0.32,0.31,0.28,0.67,0.63,0.55,0.55,0.3,1.04,268,0.76,0.712,gfu-bronze
IC241006A,139939,8268246,2024-10-06 22:38:14.304,60589.94322111396,gfu-bronze,58.45,8.35,0.44,0.49,0.27,0.25,0.85,0.92,0.47,0.49,0.37,1.29,133,2.56,0.347,
IC241113A,140078,30891383,2024-11-13 00:22:20.682,60627.015517157786,gfu-bronze,196.17,8.5,0.22,0.23,0.41,0.33,0.4,0.4,0.73,0.64,0.25,0.85,105,3.87,0.263,
IC241127A,140125,41215060,2024-11-27 14:11:14.424,60641.591139168864,gfu-gold,164.14,5.38,0.2,0.33,0.33,0.29,0.42,0.57,0.58,0.55,0.25,0.81,188,1.28,0.491,gfu-bronze
IC241224A,140284,303893,2024-12-24 07:10:04.350,60668.29866146295,gfu-bronze,184.97,2.76,0.21,0.16,0.28,0.29,0.38,0.32,0.52,0.52,0.16,0.55,114,3.82,0.292,
IC250101A,140312,53817657,2025-01-01 21:04:57.733,60676.87844598499,gfu-bronze,318.96,-0.93,0.34,0.37,0.26,0.25,0.64,0.63,0.48,0.44,0.27,0.9,161,1.92,0.406,hese-bronze
IC250102A,140314,61338661,2025-01-02 13:48:01.925,60677.575022281475,gfu-bronze,262.84,6.73,0.6,0.63,0.45,0.42,1.18,1.05,0.83,0.76,0.81,2.74,107,4.2,0.259,
IC250203A,140436,11917698,2025-02-03 03:59:29.200,60709.16631019066,gfu-bronze,253.3,-1.31,0.11,0.13,0.11,0.08,0.23,0.23,0.2,0.16,0.04,0.13,114,3.71,0.305,
IC250207A,140472,78196104,2025-02-07 02:07:55.273,60713.08883418069,gfu-bronze,132.98,20.62,1.01,1.02,0.68,0.7,1.99,1.94,1.31,1.36,1.95,7.29,159,1.45,0.468,
IC250302A,140601,60511904,2025-03-02 03:20:52.902,60736.13950118501,gfu-gold,348.05,3.77,0.2,0.23,0.24,0.22,0.38,0.43,0.43,0.41,0.15,0.53,1454,0.16,0.972,gfu-bronze
IC250309A,140626,1288692,2025-03-09 07:36:04.759,60743.316721749776,gfu-gold,211.07,-10.73,0.14,0.15,0.11,0.17,0.3,0.31,0.26,0.3,0.06,0.25,4133,0.18,0.507,gfu-bronze
IC250330A,140729,49427574,2025-03-30 08:31:06.328,60764.35493435525,gfu-bronze,307.53,11.07,0.18,0.1,0.08,0.1,0.31,0.23,0.16,0.18,0.04,0.14,148,1.76,0.393,
IC250406A,140752,31006975,2025-04-06 22:50:35.344,60771.95179796244,gfu-gold,81.47,16.92,0.31,0.27,0.27,0.21,0.54,0.53,0.46,0.46,0.21,0.72,186,0.94,0.56,gfu-bronze
IC250416A,140799,37236133,2025-04-16 18:32:14.979,60781.77239558476,gfu-bronze,83.1,15.64,0.2,0.19,0.12,0.15,0.33,0.34,0.24,0.23,0.07,0.24,114,2.3,0.348,
IC250421A,140824,2517159,2025-04-21 17:06:08.077,60786.71259348931,gfu-bronze,240.91,28.67,1.35,1.97,0.78,0.79,2.49,4.27,1.57,1.58,3.6,14.98,151,1.03,0.481,
IC250426A,140843,52432631,2025-04-26 17:44:58.166,60791.73956210297,gfu-bronze,296.37,20.7,0.11,0.1,0.16,0.14,0.22,0.19,0.29,0.28,0.05,0.17,112,2.26,0.361,
IC250429A,140870,26727884,2025-04-29 15:23:15.629,60794.641153118784,gfu-gold,59.68,25.32,0.24,0.28,0.23,0.22,0.47,0.57,0.39,0.44,0.16,0.57,397,0.5,0.82,gfu-bronze
IC250506A,140896,73492707,2025-05-06 14:14:12.091,60801.593195493406,gfu-bronze,116.5,35.32,0.12,0.1,0.1,0.05,0.23,0.23,0.19,0.14,0.02,0.09,123,0.98,0.442,
IC250706A,141104,37015490,2025-07-06 13:14:40.047,60862.551852399716,gfu-gold,266.0,38.97,0.1,0.1,0.14,0.11,0.18,0.2,0.24,0.21,0.03,0.1,212,0.24,0.652,gfu-bronze
IC250708A,141112,11292662,2025-07-08 14:05:19.545,60864.58703177661,gfu-bronze,222.71,26.49,0.1,0.14,0.13,0.12,0.22,0.25,0.23,0.23,0.04,0.15,116,1.63,0.406,
IC250804A,141198,19914656,2025-08-04 20:16:26.653,60891.84475293366,gfu-bronze,79.5,16.65,0.27,0.29,0.27,0.24,0.51,0.52,0.49,0.45,0.21,0.71,119,2.21,0.369,
IC250813A,141240,9390028,2025-08-13 03:21:09.698,60900.13969557833,gfu-bronze,275.36,8.27,0.41,0.46,0.38,0.33,0.71,0.8,0.65,0.61,0.47,1.47,151,2.08,0.383,
IC250831A,141300,5972385,2025-08-31 18:00:45.826,60918.75053039503,gfu-bronze,105.64,5.12,0.28,0.25,0.28,0.32,0.5,0.47,0.53,0.57,0.25,0.84,159,2.14,0.38,
IC250905A,141315,25569816,2025-09-05 20:08:36.007,60923.83930563705,gfu-bronze,348.31,38.83,0.53,0.53,0.48,0.49,0.94,1.09,0.82,0.81,0.62,2.05,166,0.41,0.542,
IC250926A,141390,64842455,2025-09-26 12:28:55.179,60944.52008309488,gfu-bronze,131.0,9.97,0.31,0.34,0.3,0.41,0.57,0.63,0.55,0.71,0.35,1.17,107,3.27,0.279,
IC251014A,141484,75492250,2025-10-14 18:33:11.583,60962.77305072905,gfu-bronze,2.81,2.87,0.13,0.13,0.17,0.11,0.22,0.23,0.29,0.22,0.06,0.18,157,2.23,0.38,
IC251018A,141495,22018019,2025-10-18 05:05:42.974,60966.212302940585,gfu-gold,321.11,41.31,1.79,1.64,1.42,1.5,3.09,2.94,2.46,3.51,5.59,19.62,192,0.26,0.607,gfu-bronze
IC251025A,141518,18513107,2025-10-25 13:47:53.265,60973.57492205003,gfu-bronze,145.63,15.06,0.48,0.46,0.36,0.33,0.88,0.88,0.65,0.62,0.49,1.68,113,2.35,0.342,
IC251130A,141654,31953389,2025-11-30 17:53:30.697,61009.745494179195,gfu-gold,229.7,-5.53,0.17,0.14,0.21,0.23,0.3,0.27,0.39,0.4,0.1,0.34,175,1.11,0.495,gfu-bronze
IC251210A,141715,43378962,2025-12-10 11:06:14.409,61019.46266676631,gfu-gold,35.29,20.34,0.37,0.39,0.33,0.4,0.68,0.69,0.64,0.71,0.4,1.36,261,0.73,0.705,gfu-bronze
IC251218A,141741,9008919,2025-12-18 20:21:00.631,61027.84792397374,gfu-bronze,353.6,44.15,0.47,0.4,0.25,0.25,0.9,0.74,0.46,0.45,0.25,0.83,105,0.82,0.386,
IC251225A,141764,19814286,2025-12-25 20:14:06.807,61034.843134339084,gfu-bronze,297.42,22.47,0.3,0.25,0.25,0.27,0.53,0.48,0.46,0.48,0.21,0.69,163,1.07,0.499,
IC260111A,141893,3811884,2026-01-11 20:10:33.910,61051.84067025816,gfu-bronze,70.88,34.59,0.83,0.82,0.41,0.36,1.54,1.39,0.75,0.64,0.82,2.63,160,0.74,0.523,
IC260115A,141917,80302474,2026-01-15 17:32:35.711,61055.7309688789,gfu-bronze,145.77,12.41,1.36,1.05,0.56,0.5,2.29,1.77,1.18,0.91,1.94,6.49,122,2.05,0.351,
IC260125A,141985,63695019,2026-01-25 10:09:39.884,61065.42337828592,gfu-bronze,243.72,6.69,0.27,0.32,0.34,0.33,0.51,0.56,0.61,0.61,0.31,1.02,159,1.98,0.392,